modulo,operaciones,nodos,conmutaciones,eventos_transistor,alpha,ms_por_op
INV,12,1,12,12,1.0000,0.01
NAND2,12,2,22,26,0.9167,0.02
NOR2,12,2,17,18,0.7083,0.01
AND2,12,3,33,44,0.9167,0.02
OR2,12,3,23,32,0.6389,0.02
XOR2,12,7,24,36,0.2857,0.02
XNOR2,12,7,52,84,0.6190,0.04
MUX2,12,5,32,48,0.5333,0.02
HA,12,10,54,92,0.4500,0.06
FA,12,14,72,162,0.4286,0.07
RCA32,12,448,1965,5326,0.3655,1.68
CLA32,12,1827,7076,16102,0.3228,1.42
ADDSUB32,12,681,2902,7214,0.3551,0.85
CMP32,12,778,2790,7132,0.2988,0.79
MUX8x32,12,1120,8642,17342,0.6430,1.30
SHR27,12,782,4275,10170,0.4556,0.65
LZC28,12,265,1057,1976,0.3324,0.16
ALU32,12,775,3564,9002,0.3832,0.76
DECODER,12,463,1318,3144,0.2372,0.25
ROUND_binary16,12,915,3303,7812,0.3008,0.63
FADDSUB_binary16,12,3372,11051,25620,0.2731,4.77
FMUL_binary16,12,4400,14876,36692,0.2817,5.10
FDIV_binary16,12,6615,22186,57158,0.2795,14.99
ROUND_binary32,12,1766,6517,15554,0.3075,1.08
FADDSUB_binary32,12,6520,21071,46550,0.2693,6.16
FMUL_binary32,12,14468,51010,129640,0.2938,25.21
FDIV_binary32,12,20238,75507,199988,0.3109,97.57
