modulo,nmos,pmos,total
INV,1,1,2
NAND2,2,2,4
NOR2,2,2,4
AND2,3,3,6
OR2,3,3,6
XOR2,6,6,12
XNOR2,6,6,12
MUX2,6,6,12
HA,9,9,18
FA,14,14,28
DLATCH,5,5,10
DFF,11,11,22
REG32,544,544,1088
RCA32,448,448,896
CLA32,1763,1763,3526
ADDSUB32,648,648,1296
CMP32,745,745,1490
MUX8x32,1344,1344,2688
SHR27,917,917,1834
LZC28,291,291,582
ALU32,742,742,1484
DECODER,463,463,926
REGFILE,7115,7115,14230
ROUND_binary16,974,974,1948
FADDSUB_binary16,3568,3568,7136
FMUL_binary16,4609,4609,9218
FDIV_binary16,6629,6629,13258
ROUND_binary32,1906,1906,3812
FADDSUB_binary32,6987,6987,13974
FMUL_binary32,14983,14983,29966
FDIV_binary32,20024,20024,40048
